{"objects": [{"label": "player", "x": 121, "y": 219, "w": 38, "h": 48}, {"label": "zapper", "x": 160, "y": 191, "w": 28, "h": 293}], "world_speed": 639.2293333333254, "score": 399.036666666667, "alive": true}