{"objects": [{"label": "player", "x": 121, "y": 393, "w": 38, "h": 48}, {"label": "zapper", "x": 139, "y": 355, "w": 216, "h": 28}, {"label": "warning", "x": 740, "y": 472, "w": 210, "h": 28}], "world_speed": 633.9679999999918, "score": 392.46000000000015, "alive": true}