{"objects": [{"label": "player", "x": 121, "y": 423, "w": 38, "h": 48}, {"label": "zapper", "x": -261, "y": 336, "w": 300, "h": 28}, {"label": "zapper", "x": 756, "y": -45, "w": 28, "h": 267}, {"label": "missile", "x": 839, "y": 203, "w": 44, "h": 18}], "world_speed": 661.3893333333232, "score": 426.7366666666665, "alive": true}